id,firstname,lastname,email,job
100,Ira,Rheingold,Ira.Rheingold@yopmail.com,worker
101,Katuscha,Fulmer,Katuscha.Fulmer@yopmail.com,firefighter
102,Berget,Alarise,Berget.Alarise@yopmail.com,worker
103,Christal,Roxanna,Christal.Roxanna@yopmail.com,police officer
104,Betta,Brady,Betta.Brady@yopmail.com,worker
105,Cristabel,Raama,Cristabel.Raama@yopmail.com,doctor
106,Linet,Henrie,Linet.Henrie@yopmail.com,doctor
107,Camile,Jethro,Camile.Jethro@yopmail.com,police officer
108,Sharlene,Chesna,Sharlene.Chesna@yopmail.com,police officer
109,Gratia,Jalbert,Gratia.Jalbert@yopmail.com,developer